# ************************************************************
# Sequel Pro SQL dump
# Version 4541
#
# http://www.sequelpro.com/
# https://github.com/sequelpro/sequelpro
#
# Host: 127.0.0.1 (MySQL 5.7.35)
# Database: env_qidi
# Generation Time: 2021-10-01 10:06:23 +0000
# ************************************************************


/*!40101 SET @OLD_CHARACTER_SET_CLIENT=@@CHARACTER_SET_CLIENT */;
/*!40101 SET @OLD_CHARACTER_SET_RESULTS=@@CHARACTER_SET_RESULTS */;
/*!40101 SET @OLD_COLLATION_CONNECTION=@@COLLATION_CONNECTION */;
/*!40101 SET NAMES utf8 */;
/*!40014 SET @OLD_FOREIGN_KEY_CHECKS=@@FOREIGN_KEY_CHECKS, FOREIGN_KEY_CHECKS=0 */;
/*!40101 SET @OLD_SQL_MODE=@@SQL_MODE, SQL_MODE='NO_AUTO_VALUE_ON_ZERO' */;
/*!40111 SET @OLD_SQL_NOTES=@@SQL_NOTES, SQL_NOTES=0 */;


# Dump of table schedule_group_students
# ------------------------------------------------------------

DROP TABLE IF EXISTS `schedule_group_students`;

CREATE TABLE `schedule_group_students` (
  `id` int(11) unsigned NOT NULL AUTO_INCREMENT,
  `group_id` int(11) NOT NULL,
  `student_id` int(11) NOT NULL,
  PRIMARY KEY (`id`),
  UNIQUE KEY `group_id` (`group_id`,`student_id`)
) ENGINE=InnoDB DEFAULT CHARSET=utf8mb4;

LOCK TABLES `schedule_group_students` WRITE;
/*!40000 ALTER TABLE `schedule_group_students` DISABLE KEYS */;

INSERT INTO `schedule_group_students` (`id`, `group_id`, `student_id`)
VALUES
	(7214,1101,1209),
	(7215,1101,1407),
	(7216,1101,1554),
	(7217,1102,1366),
	(7218,1102,1441),
	(7219,1102,1507),
	(7220,1102,1526),
	(7221,1103,1209),
	(7222,1103,1231),
	(7223,1103,1459),
	(7224,1103,1514),
	(7225,1103,1529),
	(7226,1103,1585),
	(7227,1104,1426),
	(7228,1104,1561),
	(7229,1105,1520),
	(7230,1105,1524),
	(7231,1105,1545),
	(7232,1105,1549),
	(7233,1105,1550),
	(7234,1106,1185),
	(7235,1106,1346),
	(7236,1106,1523),
	(7237,1106,1532),
	(7238,1106,1564),
	(7239,1106,1571),
	(7240,1106,1579),
	(7241,1106,1590),
	(7242,1107,1158),
	(7243,1107,1379),
	(7244,1107,1404),
	(7245,1107,1416),
	(7246,1107,1454),
	(7247,1107,1456),
	(7248,1107,1508),
	(7249,1107,1515),
	(7250,1107,1516),
	(7251,1107,1521),
	(7252,1107,1525),
	(7253,1107,1527),
	(7254,1107,1533),
	(7255,1107,1534),
	(7256,1107,1536),
	(7257,1107,1539),
	(7258,1107,1540),
	(7259,1107,1541),
	(7260,1107,1542),
	(7261,1107,1544),
	(7262,1107,1551),
	(7263,1107,1552),
	(7264,1107,1553),
	(7265,1107,1555),
	(7266,1107,1556),
	(7267,1107,1558),
	(7268,1107,1560),
	(7269,1107,1562),
	(7270,1107,1565),
	(7271,1107,1575),
	(7272,1107,1589),
	(7273,1107,1591),
	(7274,1107,1602),
	(7275,1108,825),
	(7276,1108,1121),
	(7277,1108,1174),
	(7278,1108,1244),
	(7279,1108,1298),
	(7280,1108,1333),
	(7281,1108,1336),
	(7282,1108,1356),
	(7283,1108,1417),
	(7284,1108,1418),
	(7285,1108,1419),
	(7286,1108,1439),
	(7287,1108,1493),
	(7288,1108,1512),
	(7289,1108,1535),
	(7290,1108,1537),
	(7291,1108,1546),
	(7292,1108,1561),
	(7293,1109,820),
	(7294,1109,825),
	(7295,1109,921),
	(7296,1109,1075),
	(7297,1109,1121),
	(7298,1109,1158),
	(7299,1109,1183),
	(7300,1109,1278),
	(7301,1109,1341),
	(7302,1109,1370),
	(7303,1109,1373),
	(7304,1109,1379),
	(7305,1109,1404),
	(7306,1109,1410),
	(7307,1109,1414),
	(7308,1109,1429),
	(7309,1109,1440),
	(7310,1109,1444),
	(7311,1109,1448),
	(7312,1109,1454),
	(7313,1109,1493),
	(7314,1109,1560),
	(7315,1109,1561),
	(7316,1109,1563),
	(7317,1109,1565),
	(7318,1109,1587),
	(7319,1109,1602),
	(7320,1110,1174),
	(7321,1110,1185),
	(7322,1110,1298),
	(7323,1110,1336),
	(7324,1110,1343),
	(7325,1110,1356),
	(7326,1110,1512),
	(7327,1110,1535),
	(7328,1110,1546),
	(7329,1110,1555),
	(7330,1111,1138),
	(7331,1111,1299),
	(7332,1111,1305),
	(7333,1111,1323),
	(7334,1111,1333),
	(7335,1111,1350),
	(7336,1111,1406),
	(7337,1111,1450),
	(7338,1112,775),
	(7339,1112,789),
	(7340,1112,820),
	(7341,1112,921),
	(7342,1112,1075),
	(7343,1112,1138),
	(7344,1112,1163),
	(7345,1112,1188),
	(7346,1112,1245),
	(7347,1112,1251),
	(7348,1112,1256),
	(7349,1112,1278),
	(7350,1112,1280),
	(7351,1112,1299),
	(7352,1112,1319),
	(7353,1112,1323),
	(7354,1112,1334),
	(7355,1112,1350),
	(7356,1112,1364),
	(7357,1112,1406),
	(7358,1113,950),
	(7359,1113,1161),
	(7360,1113,1192),
	(7361,1113,1208),
	(7362,1113,1218),
	(7363,1113,1235),
	(7364,1113,1243),
	(7365,1113,1249),
	(7366,1113,1251),
	(7367,1113,1327),
	(7368,1113,1338),
	(7369,1113,1344),
	(7370,1113,1389),
	(7371,1113,1401),
	(7372,1113,1429),
	(7373,1113,1450),
	(7374,1113,1493),
	(7375,1113,1561),
	(7376,1113,1563),
	(7377,1114,1176),
	(7378,1114,1221),
	(7379,1114,1236),
	(7380,1114,1377),
	(7381,1115,1049),
	(7382,1115,1076),
	(7383,1115,1117),
	(7384,1115,1138),
	(7385,1115,1184),
	(7386,1115,1240),
	(7387,1115,1305),
	(7388,1115,1588),
	(7389,1116,1208),
	(7390,1116,1377),
	(7391,1116,1401),
	(7392,1117,1405),
	(7393,1117,1440),
	(7394,1118,1333),
	(7395,1118,1336),
	(7396,1118,1343),
	(7397,1118,1414),
	(7398,1118,1456),
	(7399,1118,1553),
	(7400,1118,1564),
	(7401,1118,1571),
	(7402,1119,1144),
	(7403,1120,1155),
	(7404,1120,1429),
	(7405,1120,1437),
	(7406,1120,1440),
	(7407,1121,1405),
	(7408,1121,1419),
	(7409,1122,1208),
	(7410,1122,1299),
	(7411,1122,1311),
	(7412,1122,1323),
	(7413,1122,1364),
	(7414,1123,1144),
	(7415,1123,1146),
	(7416,1123,1429),
	(7417,1124,1311),
	(7418,1125,1186),
	(7419,1125,1278),
	(7420,1125,1379),
	(7421,1125,1426),
	(7422,1125,1538),
	(7423,1125,1548),
	(7424,1126,914),
	(7425,1126,1203),
	(7426,1126,1511),
	(7427,1127,1417),
	(7428,1127,1441),
	(7429,1128,1240),
	(7430,1128,1439),
	(7431,1128,1527),
	(7432,1128,1552),
	(7433,1128,1560),
	(7434,1129,1174),
	(7435,1129,1341),
	(7436,1130,1365),
	(7437,1130,1435),
	(7438,1131,1342),
	(7439,1132,1053),
	(7440,1132,1218),
	(7441,1132,1243),
	(7442,1132,1427),
	(7443,1132,1507),
	(7444,1132,1523),
	(7445,1132,1528),
	(7446,1132,1530),
	(7447,1132,1531),
	(7448,1132,1532),
	(7449,1132,1534),
	(7450,1132,1557),
	(7451,1132,1558),
	(7452,1132,1569),
	(7453,1133,901),
	(7454,1133,1256),
	(7455,1133,1292),
	(7456,1133,1324),
	(7457,1133,1366),
	(7458,1133,1384),
	(7459,1133,1418),
	(7460,1133,1419),
	(7461,1133,1454),
	(7462,1133,1508),
	(7463,1133,1510),
	(7464,1133,1541),
	(7465,1133,1543),
	(7466,1134,1238),
	(7467,1134,1406),
	(7468,1134,1410),
	(7469,1135,825),
	(7470,1135,1163),
	(7471,1135,1188),
	(7472,1135,1350),
	(7473,1135,1372),
	(7474,1135,1373),
	(7475,1135,1394),
	(7476,1135,1403),
	(7477,1135,1404),
	(7478,1135,1448),
	(7479,1135,1533),
	(7480,1135,1535),
	(7481,1135,1537),
	(7482,1135,1554),
	(7483,1135,1567),
	(7484,1135,1601),
	(7485,1135,1602),
	(7486,1136,1121),
	(7487,1136,1185),
	(7488,1136,1229),
	(7489,1136,1332),
	(7490,1136,1346),
	(7491,1136,1348),
	(7492,1136,1407),
	(7493,1136,1416),
	(7494,1136,1431),
	(7495,1136,1520),
	(7496,1136,1521),
	(7497,1136,1525),
	(7498,1136,1526),
	(7499,1136,1540),
	(7500,1136,1544),
	(7501,1136,1545),
	(7502,1136,1549),
	(7503,1136,1555),
	(7504,1136,1556),
	(7505,1136,1562),
	(7506,1136,1570),
	(7507,1136,1579),
	(7508,1136,1590),
	(7509,1137,903),
	(7510,1137,921),
	(7511,1137,1053),
	(7512,1137,1125),
	(7513,1137,1140),
	(7514,1137,1449),
	(7515,1137,1452),
	(7516,1137,1572),
	(7517,1138,1221),
	(7518,1138,1246),
	(7519,1138,1406),
	(7520,1138,1564),
	(7521,1139,1071),
	(7522,1139,1103),
	(7523,1139,1119),
	(7524,1139,1163),
	(7525,1139,1176),
	(7526,1139,1305),
	(7527,1139,1327),
	(7528,1139,1372),
	(7529,1139,1373),
	(7530,1139,1389),
	(7531,1139,1403),
	(7532,1139,1404),
	(7533,1139,1454),
	(7534,1139,1459),
	(7535,1139,1514),
	(7536,1139,1528),
	(7537,1140,1368),
	(7538,1141,1563),
	(7539,1142,1333),
	(7540,1142,1437),
	(7541,1143,1049),
	(7542,1143,1241),
	(7543,1143,1301),
	(7544,1143,1338),
	(7545,1143,1344),
	(7546,1143,1450),
	(7547,1144,1103),
	(7548,1144,1125),
	(7549,1144,1427),
	(7550,1144,1435),
	(7551,1144,1511),
	(7552,1144,1557),
	(7553,1144,1561),
	(7554,1144,1565),
	(7555,1144,1568),
	(7556,1144,1569),
	(7557,1145,1209),
	(7558,1145,1271),
	(7559,1145,1386),
	(7560,1146,1053),
	(7561,1146,1119),
	(7562,1146,1394),
	(7563,1146,1455),
	(7564,1146,1522),
	(7565,1146,1567),
	(7566,1146,1601),
	(7567,1147,1523),
	(7568,1147,1532),
	(7569,1147,1559),
	(7570,1148,1544),
	(7571,1148,1558),
	(7572,1149,1332),
	(7573,1149,1346),
	(7574,1149,1376),
	(7575,1149,1416),
	(7576,1149,1418),
	(7577,1149,1533),
	(7578,1149,1536),
	(7579,1149,1548),
	(7580,1149,1549),
	(7581,1149,1562),
	(7582,1149,1570),
	(7583,1149,1579),
	(7584,1149,1587),
	(7585,1150,1140),
	(7586,1150,1196),
	(7587,1150,1271),
	(7588,1150,1452),
	(7589,1151,1374),
	(7590,1151,1427),
	(7591,1151,1459),
	(7592,1151,1522),
	(7593,1151,1564),
	(7594,1152,1153),
	(7595,1153,1372),
	(7596,1153,1528),
	(7597,1153,1538),
	(7598,1153,1561),
	(7599,1153,1576),
	(7600,1154,1125),
	(7601,1154,1243),
	(7602,1154,1246),
	(7603,1155,1493),
	(7604,1155,1512),
	(7605,1155,1572),
	(7606,1155,1587),
	(7607,1156,1445),
	(7608,1156,1458),
	(7609,1156,1522),
	(7610,1156,1569),
	(7611,1157,1332),
	(7612,1157,1538),
	(7613,1157,1568),
	(7614,1157,1570),
	(7615,1158,1349),
	(7616,1158,1374),
	(7617,1158,1455),
	(7618,1158,1522),
	(7619,1158,1569),
	(7620,1158,1601),
	(7621,1159,1153),
	(7622,1160,1144),
	(7623,1160,1455),
	(7624,1160,1528),
	(7625,1161,1183),
	(7626,1161,1405),
	(7627,1161,1444),
	(7628,1161,1515),
	(7629,1162,950),
	(7630,1162,1315),
	(7631,1162,1458),
	(7632,1163,1183),
	(7633,1163,1229),
	(7634,1163,1245),
	(7635,1163,1298),
	(7636,1163,1344),
	(7637,1163,1364),
	(7638,1163,1439),
	(7639,1164,1146),
	(7640,1164,1161),
	(7641,1164,1244),
	(7642,1164,1251),
	(7643,1164,1280),
	(7644,1164,1319),
	(7645,1164,1333),
	(7646,1164,1356),
	(7647,1164,1370),
	(7648,1165,921),
	(7649,1165,1407),
	(7650,1165,1521),
	(7651,1165,1524),
	(7652,1165,1525),
	(7653,1165,1539),
	(7654,1165,1540),
	(7655,1165,1541),
	(7656,1165,1542),
	(7657,1165,1543),
	(7658,1165,1545),
	(7659,1165,1550),
	(7660,1165,1551),
	(7661,1165,1552),
	(7662,1165,1559),
	(7663,1165,1561),
	(7664,1165,1568),
	(7665,1165,1587),
	(7666,1165,1589),
	(7667,1165,1590),
	(7668,1165,1591),
	(7669,1166,1155),
	(7670,1166,1158),
	(7671,1166,1334),
	(7672,1167,700),
	(7673,1167,1117),
	(7674,1167,1161),
	(7675,1167,1249),
	(7676,1167,1271),
	(7677,1167,1286),
	(7678,1167,1319),
	(7679,1167,1327),
	(7680,1167,1341),
	(7681,1167,1349),
	(7682,1167,1445),
	(7683,1168,1515),
	(7684,1168,1546),
	(7685,1168,1589),
	(7686,1169,1319),
	(7687,1169,1327),
	(7688,1169,1405),
	(7689,1170,1138),
	(7690,1170,1407),
	(7691,1170,1528),
	(7692,1170,1539),
	(7693,1170,1589),
	(7694,1171,1251),
	(7695,1171,1456),
	(7696,1171,1528),
	(7697,1171,1530),
	(7698,1171,1559),
	(7699,1171,1575),
	(7700,1171,1576),
	(7701,1171,1590),
	(7702,1172,950),
	(7703,1172,1324),
	(7704,1173,1185),
	(7705,1173,1414),
	(7706,1173,1444),
	(7707,1174,1546),
	(7708,1175,1542),
	(7709,1176,1190),
	(7710,1176,1541),
	(7711,1177,1053),
	(7712,1177,1333),
	(7713,1177,1370),
	(7714,1177,1376),
	(7715,1177,1416),
	(7716,1177,1441),
	(7717,1177,1456),
	(7718,1177,1508),
	(7719,1177,1515),
	(7720,1177,1520),
	(7721,1177,1525),
	(7722,1177,1539),
	(7723,1177,1540),
	(7724,1177,1559),
	(7725,1177,1561),
	(7726,1177,1562),
	(7727,1177,1568),
	(7728,1177,1570),
	(7729,1177,1571),
	(7730,1177,1589),
	(7731,1178,1332),
	(7732,1178,1346),
	(7733,1178,1364),
	(7734,1178,1456),
	(7735,1178,1521),
	(7736,1178,1551),
	(7737,1178,1553),
	(7738,1178,1564),
	(7739,1178,1565),
	(7740,1178,1579),
	(7741,1178,1591),
	(7742,1178,1594),
	(7743,1179,1590),
	(7744,1180,1336),
	(7745,1180,1444),
	(7746,1181,1435),
	(7747,1182,950),
	(7748,1182,1324),
	(7749,1182,1348),
	(7750,1182,1429),
	(7751,1182,1437),
	(7752,1183,1053),
	(7753,1183,1546),
	(7754,1184,1185),
	(7755,1184,1341),
	(7756,1185,1333),
	(7757,1185,1562),
	(7758,1185,1570),
	(7759,1186,1332),
	(7760,1186,1346),
	(7761,1186,1521),
	(7762,1186,1539),
	(7763,1186,1542),
	(7764,1186,1564),
	(7765,1186,1565),
	(7766,1186,1579),
	(7767,1186,1589),
	(7768,1186,1594),
	(7769,1187,1208),
	(7770,1187,1343),
	(7771,1187,1364),
	(7772,1187,1370),
	(7773,1187,1384),
	(7774,1187,1416),
	(7775,1187,1419),
	(7776,1187,1426),
	(7777,1187,1441),
	(7778,1187,1508),
	(7779,1187,1510),
	(7780,1187,1520),
	(7781,1187,1526),
	(7782,1187,1571),
	(7783,1188,1376),
	(7784,1188,1414),
	(7785,1188,1456),
	(7786,1188,1525),
	(7787,1188,1540),
	(7788,1188,1551),
	(7789,1188,1553),
	(7790,1188,1559),
	(7791,1189,1185),
	(7792,1189,1429),
	(7793,1189,1439),
	(7794,1189,1458),
	(7795,1189,1560),
	(7796,1190,1190),
	(7797,1190,1323),
	(7798,1190,1406),
	(7799,1190,1435),
	(7800,1191,1350),
	(7801,1191,1510),
	(7802,1191,1528),
	(7803,1191,1555),
	(7804,1191,1576),
	(7805,1192,1280),
	(7806,1192,1407),
	(7807,1192,1546),
	(7808,1192,1552),
	(7809,1193,1280),
	(7810,1193,1407),
	(7811,1193,1546),
	(7812,1193,1552),
	(7813,1194,1511),
	(7814,1194,1557),
	(7815,1195,1256),
	(7816,1195,1333),
	(7817,1195,1520),
	(7818,1195,1524),
	(7819,1195,1537),
	(7820,1196,1441),
	(7821,1196,1507),
	(7822,1196,1523),
	(7823,1196,1532),
	(7824,1197,1244),
	(7825,1198,1186),
	(7826,1198,1376),
	(7827,1198,1437),
	(7828,1198,1544),
	(7829,1199,825),
	(7830,1199,1053),
	(7831,1199,1229),
	(7832,1199,1299),
	(7833,1199,1332),
	(7834,1199,1342),
	(7835,1199,1365),
	(7836,1199,1372),
	(7837,1199,1379),
	(7838,1199,1384),
	(7839,1199,1394),
	(7840,1199,1401),
	(7841,1199,1419),
	(7842,1199,1426),
	(7843,1199,1440),
	(7844,1199,1448),
	(7845,1199,1449),
	(7846,1199,1455),
	(7847,1199,1515),
	(7848,1199,1526),
	(7849,1199,1531),
	(7850,1199,1545),
	(7851,1199,1548),
	(7852,1199,1549),
	(7853,1199,1554),
	(7854,1199,1556),
	(7855,1199,1559),
	(7856,1199,1567),
	(7857,1199,1569),
	(7858,1199,1570),
	(7859,1199,1572),
	(7860,1199,1589),
	(7861,1200,1418),
	(7862,1200,1456),
	(7863,1200,1538),
	(7864,1200,1551),
	(7865,1201,950),
	(7866,1201,1208),
	(7867,1202,1190),
	(7868,1202,1587),
	(7869,1203,901),
	(7870,1203,1406),
	(7871,1204,1251),
	(7872,1205,1071),
	(7873,1205,1449),
	(7874,1205,1510),
	(7875,1205,1528),
	(7876,1206,1146),
	(7877,1206,1186),
	(7878,1206,1298),
	(7879,1206,1319),
	(7880,1206,1343),
	(7881,1206,1344),
	(7882,1206,1348),
	(7883,1206,1350),
	(7884,1206,1373),
	(7885,1206,1404),
	(7886,1206,1507),
	(7887,1206,1512),
	(7888,1206,1538),
	(7889,1207,775),
	(7890,1207,1174),
	(7891,1207,1256),
	(7892,1207,1327),
	(7893,1207,1365),
	(7894,1207,1379),
	(7895,1207,1384),
	(7896,1207,1394),
	(7897,1207,1401),
	(7898,1207,1419),
	(7899,1207,1441),
	(7900,1207,1531),
	(7901,1208,1144),
	(7902,1208,1185),
	(7903,1208,1244),
	(7904,1208,1356),
	(7905,1208,1417),
	(7906,1208,1439),
	(7907,1208,1458),
	(7908,1208,1546),
	(7909,1208,1570),
	(7910,1209,1117),
	(7911,1209,1406),
	(7912,1210,1158),
	(7913,1210,1186),
	(7914,1210,1311),
	(7915,1210,1379),
	(7916,1211,775),
	(7917,1211,825),
	(7918,1211,1241),
	(7919,1211,1292),
	(7920,1211,1348),
	(7921,1211,1528),
	(7922,1211,1531),
	(7923,1212,914),
	(7924,1212,1203),
	(7925,1212,1209),
	(7926,1212,1510),
	(7927,1213,914),
	(7928,1213,1071),
	(7929,1213,1229),
	(7930,1213,1235),
	(7931,1213,1251),
	(7932,1213,1327),
	(7933,1213,1410),
	(7934,1213,1418),
	(7935,1213,1419),
	(7936,1213,1440),
	(7937,1213,1449),
	(7938,1214,901),
	(7939,1214,1161),
	(7940,1214,1192),
	(7941,1214,1344),
	(7942,1214,1348),
	(7943,1214,1365),
	(7944,1214,1373),
	(7945,1214,1384),
	(7946,1214,1507),
	(7947,1214,1546),
	(7948,1215,1516),
	(7949,1215,1527),
	(7950,1215,1576),
	(7951,1216,1323),
	(7952,1216,1550),
	(7953,1217,1537),
	(7954,1217,1544),
	(7955,1217,1556),
	(7956,1217,1575),
	(7957,1218,1144),
	(7958,1218,1299),
	(7959,1218,1301),
	(7960,1218,1448),
	(7961,1218,1455),
	(7962,1218,1524),
	(7963,1218,1528),
	(7964,1218,1532),
	(7965,1218,1538),
	(7966,1218,1545),
	(7967,1218,1548),
	(7968,1218,1549),
	(7969,1218,1552),
	(7970,1218,1554),
	(7971,1218,1555),
	(7972,1218,1569),
	(7973,1219,1342),
	(7974,1219,1561),
	(7975,1219,1576),
	(7976,1220,1240),
	(7977,1220,1278),
	(7978,1220,1280),
	(7979,1220,1523),
	(7980,1220,1532),
	(7981,1221,1209),
	(7982,1221,1218),
	(7983,1221,1249),
	(7984,1221,1349),
	(7985,1221,1372),
	(7986,1221,1426),
	(7987,1221,1554),
	(7988,1221,1558),
	(7989,1221,1567),
	(7990,1221,1569),
	(7991,1222,1190),
	(7992,1222,1435),
	(7993,1223,950),
	(7994,1223,1161),
	(7995,1223,1185),
	(7996,1223,1521),
	(7997,1223,1552),
	(7998,1224,1429),
	(7999,1224,1525),
	(8000,1225,1332),
	(8001,1225,1523),
	(8002,1225,1526),
	(8003,1225,1532),
	(8004,1226,1229),
	(8005,1226,1323),
	(8006,1226,1561),
	(8007,1227,1298),
	(8008,1227,1301),
	(8009,1227,1324),
	(8010,1227,1346),
	(8011,1227,1416),
	(8012,1227,1417),
	(8013,1227,1507),
	(8014,1227,1511),
	(8015,1227,1520),
	(8016,1227,1524),
	(8017,1227,1548),
	(8018,1227,1555),
	(8019,1227,1560),
	(8020,1227,1562),
	(8021,1227,1564),
	(8022,1227,1576),
	(8023,1227,1579),
	(8024,1228,901),
	(8025,1228,1153),
	(8026,1228,1333),
	(8027,1228,1336),
	(8028,1228,1343),
	(8029,1228,1384),
	(8030,1228,1389),
	(8031,1228,1401),
	(8032,1228,1441),
	(8033,1228,1448),
	(8034,1228,1455),
	(8035,1228,1510),
	(8036,1228,1527),
	(8037,1228,1528),
	(8038,1228,1531),
	(8039,1228,1532),
	(8040,1228,1538),
	(8041,1228,1542),
	(8042,1228,1554),
	(8043,1228,1569),
	(8044,1229,1192),
	(8045,1229,1370),
	(8046,1229,1414),
	(8047,1229,1539),
	(8048,1229,1544),
	(8049,1229,1570),
	(8050,1229,1590),
	(8051,1230,1075),
	(8052,1230,1241),
	(8053,1230,1512),
	(8054,1231,1117),
	(8055,1231,1368),
	(8056,1231,1449),
	(8057,1231,1585),
	(8058,1232,1218),
	(8059,1232,1558),
	(8060,1233,1174),
	(8061,1233,1235),
	(8062,1233,1348),
	(8063,1233,1426),
	(8064,1234,820),
	(8065,1234,903),
	(8066,1234,914),
	(8067,1234,1071),
	(8068,1234,1203),
	(8069,1234,1236),
	(8070,1234,1292),
	(8071,1234,1372),
	(8072,1234,1394),
	(8073,1234,1459),
	(8074,1234,1514),
	(8075,1234,1530),
	(8076,1234,1554),
	(8077,1234,1563),
	(8078,1234,1572),
	(8079,1235,1209),
	(8080,1235,1407),
	(8081,1235,1507),
	(8082,1235,1528),
	(8083,1235,1567),
	(8084,1236,1176),
	(8085,1236,1203),
	(8086,1236,1406),
	(8087,1236,1514),
	(8088,1237,914),
	(8089,1237,1163),
	(8090,1237,1372),
	(8091,1237,1394),
	(8092,1237,1529),
	(8093,1238,1075),
	(8094,1238,1188),
	(8095,1238,1235),
	(8096,1238,1305),
	(8097,1238,1366),
	(8098,1238,1449),
	(8099,1238,1459),
	(8100,1239,789),
	(8101,1239,903),
	(8102,1239,921),
	(8103,1239,1236),
	(8104,1239,1368),
	(8105,1239,1377),
	(8106,1239,1389),
	(8107,1239,1403),
	(8108,1239,1530),
	(8109,1239,1563),
	(8110,1239,1572),
	(8111,1240,1243),
	(8112,1240,1528),
	(8113,1240,1567),
	(8114,1241,903),
	(8115,1241,1426),
	(8116,1241,1585),
	(8117,1242,1049),
	(8118,1242,1075),
	(8119,1242,1386),
	(8120,1243,1119),
	(8121,1243,1188),
	(8122,1243,1366),
	(8123,1243,1529),
	(8124,1244,1176),
	(8125,1244,1203),
	(8126,1244,1239),
	(8127,1244,1243),
	(8128,1245,820),
	(8129,1245,1196),
	(8130,1245,1218),
	(8131,1245,1236),
	(8132,1245,1377),
	(8133,1245,1403),
	(8134,1245,1459),
	(8135,1245,1493),
	(8136,1245,1530),
	(8137,1245,1563),
	(8138,1245,1588),
	(8139,1246,1209),
	(8140,1246,1514),
	(8141,1247,820),
	(8142,1247,1117),
	(8143,1247,1176),
	(8144,1247,1208),
	(8145,1248,1188),
	(8146,1248,1251),
	(8147,1248,1299),
	(8148,1248,1440),
	(8149,1249,1236),
	(8150,1249,1278),
	(8151,1249,1426),
	(8152,1249,1450),
	(8153,1250,1218),
	(8154,1250,1292),
	(8155,1250,1403),
	(8156,1250,1529),
	(8157,1250,1530),
	(8158,1251,1209),
	(8159,1251,1364),
	(8160,1251,1376),
	(8161,1251,1528),
	(8162,1251,1546),
	(8163,1252,789),
	(8164,1252,1119),
	(8165,1252,1196),
	(8166,1252,1368),
	(8167,1253,1049),
	(8168,1253,1203),
	(8169,1253,1239),
	(8170,1253,1278),
	(8171,1254,1163),
	(8172,1254,1386),
	(8173,1255,914),
	(8174,1256,1243),
	(8175,1257,921),
	(8176,1257,1246),
	(8177,1257,1305),
	(8178,1257,1372),
	(8179,1257,1389),
	(8180,1257,1394),
	(8181,1257,1450),
	(8182,1257,1493),
	(8183,1257,1572),
	(8184,1258,1218),
	(8185,1259,700),
	(8186,1259,789),
	(8187,1259,1196),
	(8188,1260,1071),
	(8189,1260,1163),
	(8190,1261,700),
	(8191,1261,1103),
	(8192,1261,1184),
	(8193,1261,1450),
	(8194,1262,1389);

/*!40000 ALTER TABLE `schedule_group_students` ENABLE KEYS */;
UNLOCK TABLES;


# Dump of table schedule_group_teachers
# ------------------------------------------------------------

DROP TABLE IF EXISTS `schedule_group_teachers`;

CREATE TABLE `schedule_group_teachers` (
  `id` int(11) unsigned NOT NULL AUTO_INCREMENT,
  `group_id` int(11) NOT NULL,
  `teacher_id` int(11) NOT NULL,
  PRIMARY KEY (`id`),
  UNIQUE KEY `group_id` (`group_id`,`teacher_id`)
) ENGINE=InnoDB DEFAULT CHARSET=utf8mb4;

LOCK TABLES `schedule_group_teachers` WRITE;
/*!40000 ALTER TABLE `schedule_group_teachers` DISABLE KEYS */;

INSERT INTO `schedule_group_teachers` (`id`, `group_id`, `teacher_id`)
VALUES
	(3593,1101,100),
	(3594,1102,376),
	(3595,1103,41),
	(3596,1103,298),
	(3597,1104,299),
	(3598,1104,318),
	(3599,1104,376),
	(3600,1104,396),
	(3601,1105,100),
	(3602,1106,41),
	(3603,1106,100),
	(3604,1106,298),
	(3605,1106,318),
	(3606,1106,376),
	(3607,1106,396),
	(3608,1106,402),
	(3609,1107,41),
	(3610,1107,100),
	(3611,1107,298),
	(3612,1107,318),
	(3613,1107,376),
	(3614,1107,396),
	(3615,1107,402),
	(3616,1108,41),
	(3617,1108,100),
	(3618,1108,298),
	(3619,1108,318),
	(3620,1108,376),
	(3621,1108,396),
	(3622,1108,402),
	(3623,1109,41),
	(3624,1109,100),
	(3625,1109,298),
	(3626,1109,318),
	(3627,1109,376),
	(3628,1109,396),
	(3629,1109,402),
	(3630,1110,41),
	(3631,1110,100),
	(3632,1110,298),
	(3633,1110,318),
	(3634,1110,376),
	(3635,1110,396),
	(3636,1110,402),
	(3637,1111,41),
	(3638,1111,100),
	(3639,1111,298),
	(3640,1111,318),
	(3641,1111,376),
	(3642,1111,396),
	(3643,1111,402),
	(3644,1112,41),
	(3645,1112,100),
	(3646,1112,298),
	(3647,1112,318),
	(3648,1112,376),
	(3649,1113,41),
	(3650,1113,100),
	(3651,1113,298),
	(3652,1113,318),
	(3653,1113,376),
	(3654,1114,100),
	(3655,1114,298),
	(3656,1114,318),
	(3657,1114,376),
	(3658,1115,41),
	(3659,1115,298),
	(3660,1115,318),
	(3661,1116,41),
	(3662,1116,100),
	(3663,1116,298),
	(3664,1116,318),
	(3665,1117,396),
	(3666,1117,402),
	(3667,1118,299),
	(3668,1118,396),
	(3669,1118,402),
	(3670,1119,299),
	(3671,1119,396),
	(3672,1119,402),
	(3673,1120,299),
	(3674,1120,396),
	(3675,1120,402),
	(3676,1121,299),
	(3677,1121,396),
	(3678,1121,402),
	(3679,1122,299),
	(3680,1123,299),
	(3681,1124,299),
	(3682,1125,327),
	(3683,1126,234),
	(3684,1127,382),
	(3685,1128,35),
	(3686,1129,280),
	(3687,1130,397),
	(3688,1131,397),
	(3689,1132,35),
	(3690,1132,234),
	(3691,1132,303),
	(3692,1132,320),
	(3693,1132,382),
	(3694,1132,397),
	(3695,1133,35),
	(3696,1133,234),
	(3697,1133,303),
	(3698,1133,320),
	(3699,1133,382),
	(3700,1133,397),
	(3701,1134,35),
	(3702,1134,234),
	(3703,1134,320),
	(3704,1135,35),
	(3705,1135,234),
	(3706,1135,303),
	(3707,1135,320),
	(3708,1135,382),
	(3709,1135,397),
	(3710,1136,35),
	(3711,1136,234),
	(3712,1136,303),
	(3713,1136,320),
	(3714,1136,382),
	(3715,1136,397),
	(3716,1136,412),
	(3717,1137,35),
	(3718,1137,234),
	(3719,1138,320),
	(3720,1139,35),
	(3721,1139,234),
	(3722,1139,320),
	(3723,1139,382),
	(3724,1140,35),
	(3725,1141,35),
	(3726,1142,303),
	(3727,1143,303),
	(3728,1144,180),
	(3729,1144,377),
	(3730,1145,377),
	(3731,1146,180),
	(3732,1146,377),
	(3733,1147,377),
	(3734,1148,180),
	(3735,1149,327),
	(3736,1149,398),
	(3737,1149,399),
	(3738,1150,180),
	(3739,1150,370),
	(3740,1150,377),
	(3741,1151,180),
	(3742,1151,370),
	(3743,1151,377),
	(3744,1152,327),
	(3745,1152,399),
	(3746,1153,327),
	(3747,1153,399),
	(3748,1154,327),
	(3749,1154,399),
	(3750,1155,398),
	(3751,1156,370),
	(3752,1157,370),
	(3753,1158,370),
	(3754,1159,370),
	(3755,1160,370),
	(3756,1161,260),
	(3757,1161,380),
	(3758,1162,380),
	(3759,1163,260),
	(3760,1163,380),
	(3761,1164,260),
	(3762,1164,380),
	(3763,1165,260),
	(3764,1165,380),
	(3765,1166,260),
	(3766,1167,260),
	(3767,1167,380),
	(3768,1168,381),
	(3769,1169,381),
	(3770,1170,364),
	(3771,1171,364),
	(3772,1172,299),
	(3773,1173,383),
	(3774,1174,340),
	(3775,1175,303),
	(3776,1176,278),
	(3777,1176,321),
	(3778,1176,340),
	(3779,1176,341),
	(3780,1176,383),
	(3781,1176,393),
	(3782,1176,395),
	(3783,1176,400),
	(3784,1176,406),
	(3785,1177,152),
	(3786,1177,227),
	(3787,1177,251),
	(3788,1177,278),
	(3789,1177,321),
	(3790,1177,340),
	(3791,1177,341),
	(3792,1177,368),
	(3793,1177,383),
	(3794,1177,393),
	(3795,1177,395),
	(3796,1177,400),
	(3797,1177,406),
	(3798,1178,321),
	(3799,1178,340),
	(3800,1178,383),
	(3801,1178,393),
	(3802,1178,395),
	(3803,1178,400),
	(3804,1178,406),
	(3805,1179,340),
	(3806,1179,383),
	(3807,1180,383),
	(3808,1181,340),
	(3809,1182,299),
	(3810,1183,321),
	(3811,1184,383),
	(3812,1185,340),
	(3813,1185,383),
	(3814,1185,395),
	(3815,1186,321),
	(3816,1186,340),
	(3817,1186,383),
	(3818,1186,393),
	(3819,1186,395),
	(3820,1186,400),
	(3821,1186,406),
	(3822,1187,152),
	(3823,1187,278),
	(3824,1187,321),
	(3825,1187,340),
	(3826,1187,341),
	(3827,1187,383),
	(3828,1187,393),
	(3829,1187,395),
	(3830,1187,400),
	(3831,1187,406),
	(3832,1188,321),
	(3833,1188,340),
	(3834,1188,383),
	(3835,1188,395),
	(3836,1188,400),
	(3837,1189,299),
	(3838,1190,383),
	(3839,1191,321),
	(3840,1192,321),
	(3841,1193,321),
	(3842,1194,152),
	(3843,1195,321),
	(3844,1195,383),
	(3845,1195,395),
	(3846,1196,299),
	(3847,1197,395),
	(3848,1198,299),
	(3849,1199,152),
	(3850,1199,177),
	(3851,1199,227),
	(3852,1199,251),
	(3853,1199,299),
	(3854,1199,321),
	(3855,1199,368),
	(3856,1199,383),
	(3857,1199,395),
	(3858,1199,406),
	(3859,1200,321),
	(3860,1200,383),
	(3861,1200,395),
	(3862,1201,299),
	(3863,1202,395),
	(3864,1202,400),
	(3865,1203,395),
	(3866,1203,400),
	(3867,1204,299),
	(3868,1205,227),
	(3869,1206,152),
	(3870,1206,278),
	(3871,1206,321),
	(3872,1206,341),
	(3873,1206,395),
	(3874,1206,400),
	(3875,1206,406),
	(3876,1207,152),
	(3877,1207,278),
	(3878,1207,321),
	(3879,1207,341),
	(3880,1207,393),
	(3881,1207,395),
	(3882,1207,400),
	(3883,1207,406),
	(3884,1208,321),
	(3885,1208,393),
	(3886,1208,395),
	(3887,1208,406),
	(3888,1209,227),
	(3889,1210,133),
	(3890,1211,321),
	(3891,1211,395),
	(3892,1211,400),
	(3893,1211,406),
	(3894,1212,227),
	(3895,1213,278),
	(3896,1213,321),
	(3897,1213,341),
	(3898,1213,393),
	(3899,1213,395),
	(3900,1213,400),
	(3901,1213,406),
	(3902,1214,278),
	(3903,1214,321),
	(3904,1214,341),
	(3905,1214,393),
	(3906,1214,395),
	(3907,1214,400),
	(3908,1214,406),
	(3909,1215,321),
	(3910,1216,340),
	(3911,1216,383),
	(3912,1217,340),
	(3913,1217,383),
	(3914,1217,395),
	(3915,1217,400),
	(3916,1218,152),
	(3917,1218,251),
	(3918,1218,278),
	(3919,1218,321),
	(3920,1218,340),
	(3921,1218,341),
	(3922,1218,368),
	(3923,1218,383),
	(3924,1218,393),
	(3925,1218,395),
	(3926,1218,400),
	(3927,1218,406),
	(3928,1219,321),
	(3929,1220,368),
	(3930,1221,133),
	(3931,1221,152),
	(3932,1221,177),
	(3933,1221,227),
	(3934,1221,251),
	(3935,1221,278),
	(3936,1221,299),
	(3937,1221,321),
	(3938,1221,341),
	(3939,1221,368),
	(3940,1221,379),
	(3941,1221,393),
	(3942,1221,395),
	(3943,1221,400),
	(3944,1221,406),
	(3945,1222,340),
	(3946,1223,303),
	(3947,1224,133),
	(3948,1224,152),
	(3949,1224,227),
	(3950,1224,251),
	(3951,1224,278),
	(3952,1224,299),
	(3953,1224,303),
	(3954,1224,340),
	(3955,1224,341),
	(3956,1224,368),
	(3957,1224,379),
	(3958,1224,383),
	(3959,1224,393),
	(3960,1224,395),
	(3961,1224,400),
	(3962,1224,406),
	(3963,1225,133),
	(3964,1225,152),
	(3965,1225,227),
	(3966,1225,251),
	(3967,1225,278),
	(3968,1225,299),
	(3969,1225,303),
	(3970,1225,340),
	(3971,1225,341),
	(3972,1225,368),
	(3973,1225,379),
	(3974,1225,383),
	(3975,1225,393),
	(3976,1225,395),
	(3977,1225,400),
	(3978,1225,406),
	(3979,1226,133),
	(3980,1226,152),
	(3981,1226,227),
	(3982,1226,251),
	(3983,1226,278),
	(3984,1226,299),
	(3985,1226,303),
	(3986,1226,340),
	(3987,1226,341),
	(3988,1226,368),
	(3989,1226,379),
	(3990,1226,383),
	(3991,1226,393),
	(3992,1226,395),
	(3993,1226,400),
	(3994,1226,406),
	(3995,1227,133),
	(3996,1227,152),
	(3997,1227,227),
	(3998,1227,251),
	(3999,1227,278),
	(4000,1227,299),
	(4001,1227,303),
	(4002,1227,340),
	(4003,1227,341),
	(4004,1227,368),
	(4005,1227,379),
	(4006,1227,383),
	(4007,1227,393),
	(4008,1227,395),
	(4009,1227,400),
	(4010,1227,406),
	(4011,1228,133),
	(4012,1228,152),
	(4013,1228,227),
	(4014,1228,251),
	(4015,1228,278),
	(4016,1228,299),
	(4017,1228,303),
	(4018,1228,340),
	(4019,1228,341),
	(4020,1228,368),
	(4021,1228,379),
	(4022,1228,383),
	(4023,1228,393),
	(4024,1228,395),
	(4025,1228,400),
	(4026,1228,406),
	(4027,1229,133),
	(4028,1229,152),
	(4029,1229,227),
	(4030,1229,251),
	(4031,1229,278),
	(4032,1229,299),
	(4033,1229,303),
	(4034,1229,340),
	(4035,1229,341),
	(4036,1229,368),
	(4037,1229,379),
	(4038,1229,383),
	(4039,1229,393),
	(4040,1229,395),
	(4041,1229,400),
	(4042,1229,406),
	(4043,1230,152),
	(4044,1230,227),
	(4045,1230,251),
	(4046,1230,278),
	(4047,1230,341),
	(4048,1230,368),
	(4049,1230,379),
	(4050,1230,395),
	(4051,1231,251),
	(4052,1232,251),
	(4053,1233,152),
	(4054,1233,227),
	(4055,1233,251),
	(4056,1233,278),
	(4057,1233,341),
	(4058,1233,368),
	(4059,1233,379),
	(4060,1233,395),
	(4061,1234,152),
	(4062,1234,227),
	(4063,1234,251),
	(4064,1234,278),
	(4065,1234,341),
	(4066,1234,368),
	(4067,1234,379),
	(4068,1234,395),
	(4069,1235,152),
	(4070,1235,227),
	(4071,1235,251),
	(4072,1235,278),
	(4073,1235,341),
	(4074,1235,368),
	(4075,1235,379),
	(4076,1235,395),
	(4077,1236,227),
	(4078,1237,278),
	(4079,1238,152),
	(4080,1238,227),
	(4081,1238,251),
	(4082,1238,278),
	(4083,1238,368),
	(4084,1239,152),
	(4085,1239,227),
	(4086,1239,251),
	(4087,1239,278),
	(4088,1239,368),
	(4089,1240,152),
	(4090,1240,227),
	(4091,1240,251),
	(4092,1240,278),
	(4093,1240,368),
	(4094,1241,368),
	(4095,1242,321),
	(4096,1243,152),
	(4097,1243,227),
	(4098,1243,251),
	(4099,1243,278),
	(4100,1243,368),
	(4101,1244,227),
	(4102,1245,152),
	(4103,1245,227),
	(4104,1245,251),
	(4105,1245,278),
	(4106,1245,368),
	(4107,1246,152),
	(4108,1246,227),
	(4109,1246,251),
	(4110,1246,278),
	(4111,1246,368),
	(4112,1247,227),
	(4113,1248,152),
	(4114,1248,227),
	(4115,1248,251),
	(4116,1249,227),
	(4117,1250,152),
	(4118,1250,227),
	(4119,1250,251),
	(4120,1251,152),
	(4121,1251,227),
	(4122,1251,251),
	(4123,1252,227),
	(4124,1253,152),
	(4125,1253,227),
	(4126,1253,251),
	(4127,1253,368),
	(4128,1254,251),
	(4129,1255,368),
	(4130,1256,227),
	(4131,1257,152),
	(4132,1257,227),
	(4133,1257,251),
	(4134,1257,368),
	(4135,1258,152),
	(4136,1258,227),
	(4137,1258,251),
	(4138,1258,368),
	(4139,1259,152),
	(4140,1259,227),
	(4141,1259,251),
	(4142,1259,368),
	(4143,1260,152),
	(4144,1261,152),
	(4145,1261,227),
	(4146,1261,251),
	(4147,1261,368),
	(4148,1262,152);

/*!40000 ALTER TABLE `schedule_group_teachers` ENABLE KEYS */;
UNLOCK TABLES;


# Dump of table schedule_groups
# ------------------------------------------------------------

DROP TABLE IF EXISTS `schedule_groups`;

CREATE TABLE `schedule_groups` (
  `id` int(11) unsigned NOT NULL AUTO_INCREMENT,
  `topic_id` int(11) NOT NULL,
  `week_lessons` int(11) NOT NULL,
  `max_students` int(11) NOT NULL,
  `prefer_students` int(11) NOT NULL,
  PRIMARY KEY (`id`)
) ENGINE=InnoDB DEFAULT CHARSET=utf8mb4;

LOCK TABLES `schedule_groups` WRITE;
/*!40000 ALTER TABLE `schedule_groups` DISABLE KEYS */;

INSERT INTO `schedule_groups` (`id`, `topic_id`, `week_lessons`, `max_students`, `prefer_students`)
VALUES
	(1101,211,1,3,3),
	(1102,212,3,3,2),
	(1103,212,3,3,2),
	(1104,145,3,3,2),
	(1105,145,1,3,2),
	(1106,145,1,3,2),
	(1107,145,1,3,2),
	(1108,145,1,3,2),
	(1109,145,3,3,2),
	(1110,145,1,3,2),
	(1111,145,1,3,2),
	(1112,145,2,3,2),
	(1113,145,2,3,2),
	(1114,145,1,3,2),
	(1115,145,2,3,2),
	(1116,145,2,3,2),
	(1117,145,1,3,2),
	(1118,189,1,3,2),
	(1119,189,1,3,2),
	(1120,47,3,3,2),
	(1121,47,1,3,2),
	(1122,47,3,3,2),
	(1123,47,1,3,2),
	(1124,47,3,3,2),
	(1125,64,3,4,3),
	(1126,64,3,4,3),
	(1127,64,3,4,3),
	(1128,64,3,4,3),
	(1129,64,3,4,3),
	(1130,64,3,4,3),
	(1131,64,3,4,3),
	(1132,64,3,4,3),
	(1133,64,3,4,3),
	(1134,64,2,4,3),
	(1135,64,2,4,3),
	(1136,64,2,4,3),
	(1137,64,3,4,3),
	(1138,64,2,4,3),
	(1139,64,2,4,3),
	(1140,64,2,1,1),
	(1141,64,2,1,1),
	(1142,64,2,4,3),
	(1143,64,2,4,3),
	(1144,50,3,4,3),
	(1145,141,2,4,3),
	(1146,141,2,4,3),
	(1147,141,2,4,3),
	(1148,141,2,4,3),
	(1149,141,2,4,3),
	(1150,141,3,4,3),
	(1151,141,2,4,3),
	(1152,141,2,4,3),
	(1153,141,2,4,3),
	(1154,141,2,4,3),
	(1155,141,3,4,3),
	(1156,25,3,4,3),
	(1157,25,2,4,3),
	(1158,25,2,4,3),
	(1159,25,2,4,3),
	(1160,25,2,4,3),
	(1161,24,3,4,3),
	(1162,24,2,4,3),
	(1163,24,2,4,3),
	(1164,24,2,4,3),
	(1165,24,1,4,3),
	(1166,24,3,4,3),
	(1167,24,1,4,3),
	(1168,27,3,3,2),
	(1169,27,3,3,2),
	(1170,27,3,3,2),
	(1171,24,2,3,2),
	(1172,55,1,4,3),
	(1173,55,2,4,3),
	(1174,55,1,4,3),
	(1175,55,1,4,3),
	(1176,55,3,4,3),
	(1177,55,1,6,4),
	(1178,55,2,6,4),
	(1179,55,1,4,3),
	(1180,55,2,4,3),
	(1181,55,2,4,3),
	(1182,55,1,4,3),
	(1183,55,1,4,3),
	(1184,55,1,4,3),
	(1185,55,2,4,3),
	(1186,55,2,6,4),
	(1187,55,1,6,4),
	(1188,55,2,4,3),
	(1189,55,2,4,3),
	(1190,55,3,4,3),
	(1191,55,2,4,3),
	(1192,55,2,4,3),
	(1193,55,1,4,3),
	(1194,55,1,4,3),
	(1195,55,1,4,3),
	(1196,55,1,4,3),
	(1197,55,1,4,3),
	(1198,55,1,4,3),
	(1199,55,2,6,4),
	(1200,55,2,6,4),
	(1201,55,2,4,3),
	(1202,55,3,4,3),
	(1203,55,2,4,3),
	(1204,55,1,4,3),
	(1205,55,1,4,3),
	(1206,55,2,6,4),
	(1207,55,1,6,4),
	(1208,55,2,6,4),
	(1209,55,2,6,4),
	(1210,55,2,6,4),
	(1211,55,2,6,4),
	(1212,55,2,6,4),
	(1213,55,2,6,4),
	(1214,55,2,6,4),
	(1215,55,2,6,4),
	(1216,55,3,6,4),
	(1217,55,2,6,4),
	(1218,55,1,6,4),
	(1219,55,2,6,4),
	(1220,55,2,6,4),
	(1221,55,1,6,4),
	(1222,55,3,6,4),
	(1223,55,2,6,4),
	(1224,55,1,6,4),
	(1225,55,1,6,4),
	(1226,55,2,6,4),
	(1227,55,2,4,3),
	(1228,55,1,6,4),
	(1229,55,2,6,4),
	(1230,55,3,6,4),
	(1231,55,2,6,4),
	(1232,55,1,6,4),
	(1233,55,2,6,4),
	(1234,55,1,6,4),
	(1235,55,2,6,4),
	(1236,55,2,6,4),
	(1237,55,2,6,4),
	(1238,55,2,6,4),
	(1239,55,1,6,4),
	(1240,55,2,6,4),
	(1241,55,2,6,4),
	(1242,55,2,6,4),
	(1243,55,1,6,4),
	(1244,55,1,6,4),
	(1245,55,1,6,4),
	(1246,55,2,6,4),
	(1247,55,2,6,4),
	(1248,55,2,6,4),
	(1249,55,1,6,4),
	(1250,55,1,6,4),
	(1251,55,2,6,4),
	(1252,55,2,6,4),
	(1253,55,2,6,4),
	(1254,55,1,6,4),
	(1255,55,1,6,4),
	(1256,55,1,6,4),
	(1257,55,1,6,4),
	(1258,55,2,6,4),
	(1259,55,2,6,4),
	(1260,55,1,6,4),
	(1261,55,2,6,4),
	(1262,55,1,6,4);

/*!40000 ALTER TABLE `schedule_groups` ENABLE KEYS */;
UNLOCK TABLES;



/*!40111 SET SQL_NOTES=@OLD_SQL_NOTES */;
/*!40101 SET SQL_MODE=@OLD_SQL_MODE */;
/*!40014 SET FOREIGN_KEY_CHECKS=@OLD_FOREIGN_KEY_CHECKS */;
/*!40101 SET CHARACTER_SET_CLIENT=@OLD_CHARACTER_SET_CLIENT */;
/*!40101 SET CHARACTER_SET_RESULTS=@OLD_CHARACTER_SET_RESULTS */;
/*!40101 SET COLLATION_CONNECTION=@OLD_COLLATION_CONNECTION */;